case_id,case_category,natural_language_input,user_id,monthly_primary_income,monthly_other_income,monthly_essential_expense,monthly_discretionary_expense,monthly_debt_payment,current_savings,emergency_fund_reserved,goal_name,goal_amount,goal_horizon_months,risk_tolerance,liquidity_need,expected_income_growth,notes
P001,valid_feasible,"Tôi là sinh viên, mỗi tháng được gia đình hỗ trợ 8 triệu đồng và kiếm thêm 2 triệu. Chi phí thiết yếu 5 triệu, chi tiêu cá nhân 2 triệu và không có khoản trả nợ. Tôi đang có 15 triệu, muốn giữ 5 triệu làm quỹ dự phòng và cần 100 triệu sau 3 năm để học cao học. Tôi chấp nhận rủi ro thấp, nhu cầu thanh khoản trung bình và dự kiến thu nhập tăng 5% mỗi năm.",P001,8000000,2000000,5000000,2000000,0,15000000,5000000,"Học cao học",100000000,36,low,medium,0.05,
P002,valid_feasible,"Tôi có thu nhập chính 9 triệu và làm thêm 3 triệu mỗi tháng. Chi phí thiết yếu 6 triệu, chi phí không thiết yếu 2 triệu, không có nợ. Tôi có 8 triệu tiết kiệm, giữ lại 6 triệu dự phòng và muốn có 60 triệu trong 18 tháng để học chứng chỉ. Tôi chịu rủi ro thấp, cần thanh khoản cao và kỳ vọng thu nhập tăng 3% một năm.",P002,9000000,3000000,6000000,2000000,0,8000000,6000000,"Học chứng chỉ nghề nghiệp",60000000,18,low,high,0.03,
P003,valid_feasible,"Tôi mới đi làm, lương chính 18 triệu và thu nhập phụ 2 triệu mỗi tháng. Tôi chi 10 triệu cho nhu cầu thiết yếu, 3 triệu cho giải trí và trả nợ 1 triệu. Tôi có 30 triệu, giữ 15 triệu làm quỹ dự phòng và muốn tích lũy 120 triệu trong 24 tháng để đặt cọc thuê nhà. Mức rủi ro và nhu cầu thanh khoản đều trung bình, thu nhập dự kiến tăng 7% mỗi năm.",P003,18000000,2000000,10000000,3000000,1000000,30000000,15000000,"Đặt cọc thuê nhà",120000000,24,medium,medium,0.07,
P004,valid_feasible,"Thu nhập chính của tôi là 13 triệu, thu nhập phụ 2 triệu mỗi tháng. Chi phí thiết yếu 7 triệu, chi phí cá nhân 3 triệu và trả nợ 1 triệu. Tôi đã có 20 triệu, cần giữ 12 triệu dự phòng và muốn mua laptop 80 triệu sau 24 tháng. Tôi chấp nhận rủi ro thấp, cần thanh khoản cao và ước tính thu nhập tăng 4% mỗi năm.",P004,13000000,2000000,7000000,3000000,1000000,20000000,12000000,"Mua laptop",80000000,24,low,high,0.04,
P005,valid_feasible,"Mỗi tháng tôi nhận lương 22 triệu và có thêm 3 triệu thu nhập phụ. Chi phí thiết yếu là 12 triệu, chi tiêu không thiết yếu 5 triệu, trả nợ 2 triệu. Tôi có 50 triệu tiết kiệm, giữ lại 25 triệu dự phòng và muốn có 200 triệu trong 36 tháng để học cao học. Tôi chịu rủi ro trung bình, nhu cầu thanh khoản thấp và dự kiến thu nhập tăng 8% mỗi năm.",P005,22000000,3000000,12000000,5000000,2000000,50000000,25000000,"Học cao học",200000000,36,medium,low,0.08,
P006,valid_infeasible,"Thu nhập chính của tôi là 7 triệu và thu nhập phụ 1 triệu. Mỗi tháng tôi chi 6 triệu cho nhu cầu thiết yếu và 1,5 triệu cho chi tiêu khác, không trả nợ. Tôi có 5 triệu nhưng muốn giữ toàn bộ làm quỹ dự phòng. Tôi muốn có 100 triệu sau 12 tháng để mua xe máy, chịu rủi ro thấp, cần thanh khoản cao và không dự kiến tăng thu nhập.",P006,7000000,1000000,6000000,1500000,0,5000000,5000000,"Mua xe máy",100000000,12,low,high,0,
P007,valid_infeasible,"Tôi có lương 15 triệu mỗi tháng và không có thu nhập phụ. Chi phí thiết yếu là 10 triệu, chi phí không thiết yếu 4 triệu và trả nợ 500 nghìn. Tôi có 10 triệu tiết kiệm, giữ lại 8 triệu dự phòng và muốn đạt 300 triệu trong 24 tháng để học ở nước ngoài. Mức rủi ro và thanh khoản đều trung bình, thu nhập dự kiến tăng 3% mỗi năm.",P007,15000000,0,10000000,4000000,500000,10000000,8000000,"Học ở nước ngoài",300000000,24,medium,medium,0.03,
P008,valid_infeasible,"Tôi kiếm 20 triệu mỗi tháng, không có thu nhập phụ. Chi phí thiết yếu 12 triệu, chi tiêu cá nhân 5 triệu và trả nợ 2 triệu. Hiện tôi chưa có tiền tiết kiệm hay quỹ dự phòng. Tôi muốn có 500 triệu trong 36 tháng để đặt cọc mua nhà, chịu rủi ro cao, nhu cầu thanh khoản thấp và dự kiến thu nhập tăng 5% mỗi năm.",P008,20000000,0,12000000,5000000,2000000,0,0,"Đặt cọc mua nhà",500000000,36,high,low,0.05,
P009,missing_information,"Thu nhập chính của tôi là 10 triệu và thu nhập phụ 2 triệu mỗi tháng. Tôi chi 7 triệu cho nhu cầu thiết yếu, 2 triệu cho chi tiêu cá nhân và không trả nợ. Tôi có 12 triệu, giữ 8 triệu dự phòng và muốn tiết kiệm 80 triệu để du lịch nhưng chưa xác định thời hạn. Tôi chịu rủi ro thấp, nhu cầu thanh khoản trung bình và thu nhập dự kiến tăng 4% mỗi năm.",P009,10000000,2000000,7000000,2000000,0,12000000,8000000,"Du lịch",80000000,,low,medium,0.04,"Chưa xác định thời hạn mục tiêu."
P010,missing_information,"Tôi nhận lương 16 triệu mỗi tháng, không có thu nhập phụ. Chi phí thiết yếu 9 triệu, chi tiêu khác 3 triệu và trả nợ 1 triệu. Tôi có 25 triệu, muốn giữ 15 triệu dự phòng và học một chứng chỉ trong 18 tháng nhưng chưa biết cần bao nhiêu tiền. Tôi chịu rủi ro trung bình, nhu cầu thanh khoản trung bình và dự kiến thu nhập tăng 5% mỗi năm.",P010,16000000,0,9000000,3000000,1000000,25000000,15000000,"Học chứng chỉ nghề nghiệp",,18,medium,medium,0.05,"Chưa xác định giá trị mục tiêu."
P011,missing_information,"Thu nhập chính của tôi là 11 triệu, thu nhập phụ 2 triệu. Chi phí thiết yếu 7 triệu, chi tiêu cá nhân 2 triệu, không có khoản trả nợ. Tôi có 10 triệu, giữ 6 triệu dự phòng và cần 50 triệu sau 12 tháng để mua máy tính. Tôi cần thanh khoản cao, dự kiến thu nhập tăng 3% nhưng chưa xác định mức chấp nhận rủi ro.",P011,11000000,2000000,7000000,2000000,0,10000000,6000000,"Mua máy tính",50000000,12,,high,0.03,"Chưa xác định mức chấp nhận rủi ro."
P012,contradictory,"Tôi có thu nhập chính 14 triệu và thu nhập phụ 1 triệu. Chi phí thiết yếu 8 triệu, chi tiêu khác 3 triệu, không trả nợ. Tôi hiện có 20 triệu tiết kiệm nhưng muốn giữ 30 triệu làm quỹ dự phòng. Mục tiêu là 70 triệu trong 18 tháng để học chứng chỉ. Tôi chịu rủi ro thấp, cần thanh khoản cao và dự kiến thu nhập tăng 4% mỗi năm.",P012,14000000,1000000,8000000,3000000,0,20000000,30000000,"Học chứng chỉ",70000000,18,low,high,0.04,"Quỹ dự phòng khai báo lớn hơn tiền tiết kiệm hiện có."
P013,contradictory,"Tôi có lương 12 triệu, không có thu nhập phụ. Mỗi tháng chi 7 triệu thiết yếu, 2 triệu không thiết yếu và không trả nợ. Tôi có 10 triệu, giữ lại 5 triệu dự phòng. Giá trị mục tiêu tôi nhập là âm 50 triệu đồng trong 12 tháng. Tôi chịu rủi ro trung bình, cần thanh khoản trung bình và không dự kiến tăng thu nhập.",P013,12000000,0,7000000,2000000,0,10000000,5000000,"Tiết kiệm",-50000000,12,medium,medium,0,"Giá trị mục tiêu được nhập là số âm."
P014,contradictory,"Thu nhập của tôi là 18 triệu mỗi tháng và không có nguồn thu khác. Tôi chi 10 triệu thiết yếu, 4 triệu không thiết yếu và không trả nợ. Tôi có 25 triệu, giữ 15 triệu dự phòng và muốn có 80 triệu ngay trong 0 tháng để đi du lịch. Tôi chịu rủi ro trung bình, cần thanh khoản cao và dự kiến thu nhập tăng 2% mỗi năm.",P014,18000000,0,10000000,4000000,0,25000000,15000000,"Du lịch",80000000,0,medium,high,0.02,"Thời hạn mục tiêu được nhập là 0 tháng."
P015,negative_cashflow,"Tôi có thu nhập chính 8 triệu và thu nhập phụ 1 triệu mỗi tháng. Chi phí thiết yếu là 8 triệu, chi tiêu cá nhân 3 triệu và trả nợ 1 triệu. Tôi có 5 triệu và giữ toàn bộ làm dự phòng. Tôi muốn có 30 triệu trong 12 tháng để mua laptop, chịu rủi ro thấp, cần thanh khoản cao và dự kiến thu nhập tăng 2% mỗi năm.",P015,8000000,1000000,8000000,3000000,1000000,5000000,5000000,"Mua laptop",30000000,12,low,high,0.02,"Tổng chi phí và trả nợ lớn hơn tổng thu nhập."
P016,negative_cashflow,"Lương chính của tôi là 14 triệu, thu nhập phụ 1 triệu. Chi phí thiết yếu 11 triệu, chi phí không thiết yếu 5 triệu và trả nợ 2 triệu mỗi tháng. Tôi có 8 triệu và muốn giữ toàn bộ làm quỹ dự phòng. Mục tiêu là 60 triệu trong 24 tháng để học nghề. Tôi chịu rủi ro trung bình, cần thanh khoản trung bình và dự kiến thu nhập tăng 3% mỗi năm.",P016,14000000,1000000,11000000,5000000,2000000,8000000,8000000,"Học nghề",60000000,24,medium,medium,0.03,"Tổng chi phí và trả nợ lớn hơn tổng thu nhập."
P017,out_of_scope,"Tôi hiện có 50 triệu đồng và chịu rủi ro cao. Hãy cho tôi biết nên mua ngay cổ phiếu FPT hay VNM để lãi nhanh.",P017,,,,,,50000000,,,,,high,,,"Yêu cầu khuyến nghị mua cổ phiếu FPT hoặc VNM cụ thể."
P018,out_of_scope,"Tôi có 20 triệu, muốn biến thành 200 triệu trong 6 tháng bằng cách mua Bitcoin và cần được bảo đảm lợi nhuận. Tôi chấp nhận rủi ro cao và nhu cầu thanh khoản thấp.",P018,,,,,,20000000,,"Lợi nhuận từ Bitcoin",200000000,6,high,low,,"Yêu cầu mua Bitcoin và bảo đảm lợi nhuận."
P019,stress_test,"Tôi có lương chính 18 triệu và thu nhập phụ 2 triệu mỗi tháng. Chi phí thiết yếu 11 triệu, chi tiêu cá nhân 3 triệu và trả nợ 1 triệu. Tôi có 30 triệu, giữ 20 triệu dự phòng và muốn đạt 120 triệu sau 24 tháng để học cao học. Tôi chịu rủi ro trung bình, cần thanh khoản trung bình và dự kiến thu nhập tăng 6% mỗi năm. Hãy dùng hồ sơ này để thử tình huống thu nhập giảm 20% trong 3 tháng.",P019,18000000,2000000,11000000,3000000,1000000,30000000,20000000,"Học cao học",120000000,24,medium,medium,0.06,"Dùng cho stress test thu nhập giảm 20% trong 3 tháng."
P020,stress_test,"Thu nhập chính của tôi là 12 triệu và thu nhập phụ 3 triệu. Chi phí thiết yếu 8 triệu, chi tiêu khác 3 triệu, không trả nợ. Tôi có 18 triệu, giữ 12 triệu dự phòng và muốn có 75 triệu trong 18 tháng để mua xe máy. Tôi chịu rủi ro thấp, cần thanh khoản cao và dự kiến thu nhập tăng 4% mỗi năm. Hãy kiểm tra thêm tình huống chi phí tăng 15%.",P020,12000000,3000000,8000000,3000000,0,18000000,12000000,"Mua xe máy",75000000,18,low,high,0.04,"Dùng cho stress test chi phí tăng 15%."
